"","species","treatment","parameter_type","mean_parameter","median_parameter","hdi_lo","hdi_hi"
"1","ACAM","C","lambda",65.3877492747889,58.0461398371648,19.5033025259482,131.487391798907
"2","ACAM","D","lambda",17.0093295566512,14.2301169473765,4.87908585275833,35.6847023772956
"3","AMME","C","lambda",170.170646518793,135.752043094872,17.7221042903917,410.179619152897
"4","AMME","D","lambda",220.511295361372,194.996373513255,69.3612530799229,428.890046125331
"5","ANAR","C","lambda",311.17151373384,304.823020302119,190.787962319225,445.998874167745
"6","ANAR","D","lambda",245.885329491851,234.815438062263,128.305580489823,379.178039924767
"7","BRHO","C","lambda",205.387746726311,197.02666627703,107.863466825937,315.646454538465
"8","BRHO","D","lambda",194.175575241385,187.260333840081,97.0672090882996,291.687681809278
"9","BRNI","C","lambda",663.478437179636,626.730236635703,331.3459346986,1047.58028053301
"10","BRNI","D","lambda",628.279883895758,591.7182661481,286.015992297666,1046.68499533491
"11","CESO","C","lambda",416.989542536772,393.436149823339,181.741359002498,688.791601626211
"12","CESO","D","lambda",359.821651766198,332.1632846449,129.380176593026,645.838618031741
"13","GITR","C","lambda",279.051157324454,271.178740029696,163.076304892461,428.667109715017
"14","GITR","D","lambda",243.452951567247,232.929963498453,131.702692169904,381.678132770676
"15","LENI","C","lambda",383.473231405949,365.027195552777,177.369487059445,633.894093622658
"16","LENI","D","lambda",403.748712358404,385.21430167748,215.898298930501,648.516493357892
"17","LOMU","C","lambda",650.744155316014,634.631475403788,416.608056176823,966.89382074248
"18","LOMU","D","lambda",616.000273093094,596.595620296345,357.051232904622,897.650543008655
"19","MAEL","C","lambda",601.759498105328,561.044687542248,258.646057573413,1071.04311727385
"20","MAEL","D","lambda",580.148842994171,537.952243559613,203.088764855172,1039.13740927934
"21","MICA","C","lambda",228.050419470659,216.506912412416,106.618021083812,362.852721192998
"22","MICA","D","lambda",192.319519568182,179.934359751191,84.2694678512199,335.595641939054
"23","PLER","C","lambda",179.861552981571,175.737135163353,108.285976897285,269.846847855715
"24","PLER","D","lambda",82.2801426114663,77.588150709912,42.9404715176071,136.568475995528
"25","PLNO","C","lambda",277.086243088253,264.591017899243,144.104302062218,440.594329555251
"26","PLNO","D","lambda",158.035358039475,136.665162614053,41.6515143407033,327.529522218463
"27","TACA","C","lambda",248.259796246046,242.58491060167,148.214126526027,360.041519169179
"28","TACA","D","lambda",188.839059184533,180.294953517146,103.364409259351,286.91980196288
"29","THIR","C","lambda",74.6635043725889,70.2642093332813,33.7705600880318,122.087769467399
"30","THIR","D","lambda",26.1158374382426,24.1501431321616,12.2633257114851,43.9796879343367
"31","TWIL","C","lambda",28.6373543324425,26.3562524930305,11.1008878222406,48.8928721667947
"32","TWIL","D","lambda",20.9940261595711,19.7927981256651,10.8635608961756,33.9947485852763
"33","ACAM","C","alpha_acam",-0.190030937704009,-0.184284438607039,-0.35576905042666,-0.0430385257391932
"34","ACAM","C","alpha_amme",-0.207696045508709,-0.177318948332534,-0.683728080585279,0.139738394007519
"35","ACAM","C","alpha_anar",0.00907745896564044,0.00975431195268477,-0.0136546025690067,0.029344711760326
"36","ACAM","C","alpha_brho",-0.13421813973878,-0.210076833381664,-9.80076857820209,9.82488926975049
"37","ACAM","C","alpha_brni",0.0119320488924792,0.013125651790176,-0.0336961002443474,0.0568841291159103
"38","ACAM","C","alpha_ceso",0.226282886801904,0.219423084043456,-8.83762441731782,10.6724266492926
"39","ACAM","C","alpha_gitr",0.0364152564027748,0.0374967797436907,0.000826214688492891,0.0701302668593175
"40","ACAM","C","alpha_leni",0.0379429931674914,0.0400688925567524,-0.0199678474134875,0.091484587277472
"41","ACAM","C","alpha_lomu",-0.0114888352733572,-0.00750399803960673,-0.158030924776386,0.111109799518336
"42","ACAM","C","alpha_mael",-0.0982209099846755,-0.0810450797760047,-0.521203622448194,0.344745693770075
"43","ACAM","C","alpha_mica",-0.026001901648913,-0.0232363421529302,-0.0852912659948235,0.0319069796743782
"44","ACAM","C","alpha_pler",0.0285183910512873,0.0293083520164252,-0.0110991163542949,0.0654092769534621
"45","ACAM","C","alpha_plno",-0.0204719328750066,-0.0127761197297225,-0.164812018344864,0.108929865382502
"46","ACAM","C","alpha_taca",0.399126527518558,0.404601880523671,0.0640238465309578,0.696475785988161
"47","ACAM","C","alpha_thir",0.0541734855778679,0.094616044444929,-9.81265121936224,9.73644618308541
"48","ACAM","C","alpha_twil",0.0218326452734397,0.0323089292044153,-0.198458090167044,0.214084079084773
"49","ACAM","C","alpha_weed",0.013942869464351,0.0139546420832873,-0.105645570563677,0.128540088209929
"50","ACAM","D","alpha_acam",-0.187337159885869,-0.179249641191418,-0.645206062598731,0.213541002111068
"51","ACAM","D","alpha_amme",0.324944225422495,0.33423488884339,-0.0134253658360901,0.613011483276821
"52","ACAM","D","alpha_anar",-0.00383912325852019,-0.00256653838505251,-0.0592256758440977,0.057792115542183
"53","ACAM","D","alpha_brho",-0.0365476999449488,-0.0362378632248348,-0.0607665668606221,-0.0119999554466835
"54","ACAM","D","alpha_brni",0.121343714154212,0.121335085079891,0.0453895730435825,0.190522339979191
"55","ACAM","D","alpha_ceso",0.319839516646902,0.323344633443592,0.026910520010955,0.599175976981294
"56","ACAM","D","alpha_gitr",0.00543081378297796,0.00582735481395335,-0.0146904022549865,0.0268729597029092
"57","ACAM","D","alpha_leni",0.114232788682075,0.114850049599376,0.0509381274598384,0.174625941166819
"58","ACAM","D","alpha_lomu",0.141070199102607,0.14174467102124,0.0391043961777372,0.245057899354638
"59","ACAM","D","alpha_mael",-0.00481044180337984,0.0249438531312774,-6.7120187636538,7.52350117931405
"60","ACAM","D","alpha_mica",0.0192093203845027,0.0198361381515356,-0.0142232385404067,0.0506053011793936
"61","ACAM","D","alpha_pler",0.0557928405002249,0.0563145564522433,0.0235092440802439,0.0898385092970119
"62","ACAM","D","alpha_plno",0.074896554828324,0.108146189179635,-6.61848527274633,6.81202845074058
"63","ACAM","D","alpha_taca",0.130008288867872,0.130658419258547,0.0506525083424606,0.207044067890452
"64","ACAM","D","alpha_thir",0.139230773033881,0.141719453611197,-0.0544865313211731,0.308208325648877
"65","ACAM","D","alpha_twil",-0.0392193905277822,-0.036658213544109,-0.147491224069084,0.0566156092473667
"66","AMME","C","alpha_acam",0.0809366000624932,0.116386858273179,-13.7643844813728,13.8877183944214
"67","AMME","C","alpha_amme",-0.258566301462853,-0.250894280713034,-0.509495737398944,-0.00322516384955063
"68","AMME","C","alpha_anar",-0.0236843503491464,-0.0230941405620085,-0.0456638269774444,-0.00447265734626091
"69","AMME","C","alpha_brho",0.00311942440437687,0.00381367600443999,-0.0157796324960453,0.0215693859774584
"70","AMME","C","alpha_brni",0.01931030444031,0.0209922020147163,-0.022654515831169,0.0581914111111556
"71","AMME","C","alpha_ceso",0.137671153628554,0.0784023115528668,-9.57808211337472,9.40580773782549
"72","AMME","C","alpha_gitr",0.0998607782566354,0.110891319701995,-9.39414481713068,10.1487055712294
"73","AMME","C","alpha_leni",0.0137864657270025,0.0146238307561472,-0.0211507702316388,0.0441848477859797
"74","AMME","C","alpha_lomu",-0.0150929565265277,-0.0136644710087328,-0.0553350751434376,0.0188895022811248
"75","AMME","C","alpha_mael",0.106496771153792,0.0568310967319022,-9.25167110007707,9.82736442912053
"76","AMME","C","alpha_mica",-0.00383358178999939,-0.00338695857887528,-0.0169402723189989,0.00834719846915799
"77","AMME","C","alpha_pler",-0.114863719446625,-0.0629220739773514,-10.6653958694531,9.27932581408843
"78","AMME","C","alpha_plno",-0.0767374589983922,-0.0389352993072957,-13.7321422251852,13.7983027751766
"79","AMME","C","alpha_taca",0.0946314348583919,0.0904531600293688,-9.7540580414262,9.82468116135662
"80","AMME","C","alpha_thir",0.0355354630615488,0.0334827366240706,-9.29223657220852,9.74176173832827
"81","AMME","C","alpha_twil",-0.19100405670192,-0.255524610696622,-9.89184284317027,9.68372306444176
"82","AMME","C","alpha_weed",0.00985579666096617,0.0137303726582026,-0.0174599627908149,0.0303192077808224
"83","AMME","D","alpha_acam",0.0716608355895422,0.0457610060579607,-9.14303106046965,10.8361689779185
"84","AMME","D","alpha_amme",-0.341065806224054,-0.319048587445464,-0.958888085146537,0.176359947498829
"85","AMME","D","alpha_anar",0.0312034333812904,0.032459856347129,0.00719678602477064,0.0516280324724998
"86","AMME","D","alpha_brho",0.0256732115921961,0.0267164359087316,-0.00514711851478573,0.0533050018663347
"87","AMME","D","alpha_brni",0.0384673739819733,0.039618780481611,0.0101442840555975,0.0636657431512018
"88","AMME","D","alpha_ceso",0.0545783533169742,0.0577190413302727,-0.00778853668324831,0.114570915811557
"89","AMME","D","alpha_gitr",0.0328289058292052,0.03348145037357,0.0153968412381119,0.0475737371431975
"90","AMME","D","alpha_leni",0.0192337138928707,0.0202478747791841,-0.0110923126674682,0.0521421572467279
"91","AMME","D","alpha_lomu",0.0459951635695461,-0.0142946261520368,-6.7304535904996,7.09256269385272
"92","AMME","D","alpha_mael",0.0790276459500379,0.0921743628755775,-0.245269566005567,0.365310752230545
"93","AMME","D","alpha_mica",-0.0313634090764373,-0.0694842871068266,-6.71078836463903,7.20521313604851
"94","AMME","D","alpha_pler",0.00942773774682051,0.010225363127275,-0.0154951785052325,0.0351856729909239
"95","AMME","D","alpha_plno",-0.0534590083225282,-0.0756330565611726,-9.26766875708891,10.1809547281196
"96","AMME","D","alpha_taca",0.0079644278911474,0.0094905843004559,-0.0494304732034609,0.05777355053507
"97","AMME","D","alpha_thir",0.0226072147584776,0.0241327353377149,-0.0469749260366782,0.0853937539292177
"98","AMME","D","alpha_twil",-0.120816513328949,-0.118270719797392,-0.230838195578376,-0.0203209724699286
"99","ANAR","C","alpha_acam",-0.152768940655156,-0.143656691185291,-0.424719115911342,0.101857326684702
"100","ANAR","C","alpha_amme",0.154988127630957,0.162891402399042,-0.0939231947699524,0.392545520221417
"101","ANAR","C","alpha_anar",0.0479661342013299,0.0489637549874647,0.0158321814829009,0.0793708347126852
"102","ANAR","C","alpha_brho",0.0823075641148112,0.0848229781655152,0.0140189733468349,0.145071826680882
"103","ANAR","C","alpha_brni",0.0283485568167011,0.0297550390160538,-0.0171124168172177,0.0714890065573887
"104","ANAR","C","alpha_ceso",0.312492218983466,0.317440756321403,0.167271120596161,0.444152508068477
"105","ANAR","C","alpha_gitr",0.0486117549016212,0.0494070898833487,0.0282148289296707,0.0674710288478594
"106","ANAR","C","alpha_leni",-0.00135810437842067,-0.000382506123719581,-0.0361880652871553,0.0345238694544898
"107","ANAR","C","alpha_lomu",0.169745289160608,0.17144569002879,0.112226769966584,0.221633053299179
"108","ANAR","C","alpha_mael",0.173737597168726,0.182782151416875,-0.0664811895615899,0.398758155100394
"109","ANAR","C","alpha_mica",0.0509236859836244,0.05172655148427,0.0252903681728731,0.0737643832973313
"110","ANAR","C","alpha_pler",0.0612327117922942,0.0629257828099791,0.0182414944416592,0.0987083670443258
"111","ANAR","C","alpha_plno",0.194230357343822,0.203555985699011,-0.0287294517389804,0.385829494251185
"112","ANAR","C","alpha_taca",0.0423926824329841,0.0450783766763968,-0.0277379200646602,0.108871708987539
"113","ANAR","C","alpha_thir",-0.151025869493382,-0.146522339842256,-0.30484519994663,0.00603299943775838
"114","ANAR","C","alpha_twil",-0.021390173322578,-0.0190848435077512,-0.1061863451812,0.0572014063004009
"115","ANAR","C","alpha_weed",0.0208155879388051,-0.00559791642171327,-0.04773547303075,0.102866665234561
"116","ANAR","D","alpha_acam",0.303506552303442,0.315391770860001,-0.158175587439606,0.714344120769624
"117","ANAR","D","alpha_amme",0.151147895893267,0.16026694480441,-0.248851470962709,0.538262650413702
"118","ANAR","D","alpha_anar",0.014201137894138,0.0147408309786579,-0.00820641723976935,0.034878005017247
"119","ANAR","D","alpha_brho",0.0359546747535048,0.0373209838605529,-0.000251074964798031,0.0684327312746312
"120","ANAR","D","alpha_brni",0.120797134415339,0.122753577808928,0.0666842085770979,0.171584253433349
"121","ANAR","D","alpha_ceso",0.143553205296165,0.146433460494594,0.0671170261239966,0.212662920493551
"122","ANAR","D","alpha_gitr",0.0486846289558596,0.0494293993815491,0.0289644370753061,0.0662885442392386
"123","ANAR","D","alpha_leni",0.073255741047982,0.0764455917633502,0.00215486836497288,0.147419770031239
"124","ANAR","D","alpha_lomu",0.189664817563924,0.191683362520563,0.0912057808755026,0.27995783261986
"125","ANAR","D","alpha_mael",0.0487982932563329,0.0655173253040563,-0.340400347557808,0.377638887871934
"126","ANAR","D","alpha_mica",0.0488256498047214,0.0494347683595122,0.0218810399816415,0.0726901962766786
"127","ANAR","D","alpha_pler",0.115991705948095,0.117321031984578,0.0728287336316865,0.157573176329927
"128","ANAR","D","alpha_plno",-0.0574741083665644,-0.0293729387195061,-0.652158941851932,0.483523150441289
"129","ANAR","D","alpha_taca",0.110364886518661,0.11448915073783,-0.00510795102981764,0.225802142910554
"130","ANAR","D","alpha_thir",0.0498803007507297,0.0544568453015052,-0.0514660885315046,0.153582755842737
"131","ANAR","D","alpha_twil",0.134228353034777,0.137715478458645,-0.00179873389752488,0.268150181219385
"132","BRHO","C","alpha_acam",-0.101684580970205,-0.0973858650251247,-0.286592280420751,0.0685658774919163
"133","BRHO","C","alpha_amme",0.114143629442897,0.118581279335057,-0.0525539718904334,0.29159870302919
"134","BRHO","C","alpha_anar",0.022928145584792,0.023086155907464,0.00998184577385901,0.0346486850306018
"135","BRHO","C","alpha_brho",0.0572574038418688,0.05772376484271,0.0350230983938682,0.0779063437087838
"136","BRHO","C","alpha_brni",0.0740350573121275,0.0752764932178014,0.0307523081685784,0.109794639269486
"137","BRHO","C","alpha_ceso",0.0727004512116393,0.0738347145162583,-0.00290349749779194,0.146080919506028
"138","BRHO","C","alpha_gitr",0.0383358231334578,0.0384922843271434,0.0279080971911215,0.0488884916130115
"139","BRHO","C","alpha_leni",0.0812139739405877,0.0822771160264548,0.0348887274008238,0.124321017334919
"140","BRHO","C","alpha_lomu",0.144912686842827,0.147441634767568,0.0761567319374759,0.211445681840654
"141","BRHO","C","alpha_mael",0.1216902414686,0.125986823915018,0.0183509998248418,0.218457356229098
"142","BRHO","C","alpha_mica",0.0423812776172004,0.0425235215622587,0.0271146393742659,0.0578363083037857
"143","BRHO","C","alpha_pler",0.0701533949936399,0.0706216208976311,0.0449678121164496,0.0930380462832957
"144","BRHO","C","alpha_plno",0.1018320577796,0.103699294350189,-0.0758386370585862,0.289005217256732
"145","BRHO","C","alpha_taca",0.164704397228313,0.165824592909726,0.0914951614261319,0.230283217361195
"146","BRHO","C","alpha_thir",-0.0881907657165776,-0.0868518019212678,-0.187188341151898,0.0133512117788705
"147","BRHO","C","alpha_twil",0.0262577594245266,0.0278263818056989,-0.0415292627897464,0.0913439034508457
"148","BRHO","C","alpha_weed",-0.0375776317578682,-0.00898528837153837,-0.127576802083919,0.0274688150101415
"149","BRHO","D","alpha_acam",-0.198044230570986,-0.193607468577111,-0.406196457614986,0.00142159425905782
"150","BRHO","D","alpha_amme",-0.197167486178353,-0.186512122372863,-0.4814358107915,0.0856258985165655
"151","BRHO","D","alpha_anar",-5.12729552564423e-05,0.000134425640801779,-0.0172418521377162,0.0158526032418709
"152","BRHO","D","alpha_brho",0.0434629600491164,0.0436873370156813,0.02600151753781,0.059444811108101
"153","BRHO","D","alpha_brni",0.0916401307419495,0.0926967555938571,0.0554908187479773,0.126945398680601
"154","BRHO","D","alpha_ceso",0.0587010674597934,0.0600806836252246,-0.00449262768737182,0.117723731627615
"155","BRHO","D","alpha_gitr",0.0494024949378319,0.0494844912298753,0.03718411888732,0.0624488735383086
"156","BRHO","D","alpha_leni",0.0446749421911041,0.0454973852619561,0.0029634853324836,0.0875314664029285
"157","BRHO","D","alpha_lomu",0.0715908325785094,0.0727691919747212,0.0317542396056499,0.109239158247418
"158","BRHO","D","alpha_mael",-0.0715433655298631,-0.0648584602578875,-0.332196481036083,0.167238840173723
"159","BRHO","D","alpha_mica",0.0275546840406766,0.0279711915601379,0.0103412192584186,0.0455678357264431
"160","BRHO","D","alpha_pler",0.0308753284136848,0.0317418610444586,0.00784782139209425,0.0507489479086611
"161","BRHO","D","alpha_plno",0.192754168292475,0.198019607788872,-0.0461126859366014,0.398599593312019
"162","BRHO","D","alpha_taca",0.0483146147514637,0.0496837584642443,-0.000679287235471262,0.100686763398349
"163","BRHO","D","alpha_thir",0.118075083612153,0.12033041921358,0.0503069015545412,0.186641820643385
"164","BRHO","D","alpha_twil",-0.0356409682449999,-0.034715433871815,-0.10875476115805,0.0412508093256344
"165","BRNI","C","alpha_acam",0.0136182643832961,0.0206963710434974,-0.162567835162025,0.173091924021662
"166","BRNI","C","alpha_amme",0.184984565947331,0.192965371257676,0.00484271818383875,0.349513836634136
"167","BRNI","C","alpha_anar",-0.000638350682569919,-0.000149929654859763,-0.0110461518080218,0.00919040848976543
"168","BRNI","C","alpha_brho",0.00283236980910309,0.00375571800316004,-0.0218719968382601,0.0260062212849933
"169","BRNI","C","alpha_brni",0.0344283656175243,-0.0398742917498383,-13.3115957710461,13.526787284876
"170","BRNI","C","alpha_ceso",-0.0200830444885144,-0.0885786263943307,-9.69820505199348,9.6305973059679
"171","BRNI","C","alpha_gitr",-0.00851286891342656,-0.00811632587092368,-0.0259170977133691,0.00749112014389397
"172","BRNI","C","alpha_leni",0.0488447744768531,0.0514808774746116,0.0135254074941643,0.0785033475022192
"173","BRNI","C","alpha_lomu",-0.0163214223326936,-0.0133015965315156,-0.0843677157148986,0.0457200199052782
"174","BRNI","C","alpha_mael",-0.203675378224847,-0.190797135107445,-0.649059183443644,0.209384765196538
"175","BRNI","C","alpha_mica",-0.00342466954228687,-0.00291284421947773,-0.0175249032976563,0.00961986264976181
"176","BRNI","C","alpha_pler",0.0133121108309578,0.0142672979236829,-0.00817479901418532,0.0344280051949709
"177","BRNI","C","alpha_plno",0.150504457450454,0.160016925033066,-0.281291455309046,0.579391786428346
"178","BRNI","C","alpha_taca",-0.00220630577197892,0.000642194173295921,-0.077704076313843,0.0670061198151478
"179","BRNI","C","alpha_thir",-0.0457934308049658,-0.0437281429003178,-0.132984085330212,0.0316531402468408
"180","BRNI","C","alpha_twil",-0.049875050846822,-0.0465090678559652,-0.145454637765867,0.0405525002195017
"181","BRNI","C","alpha_weed",0.00231075104099386,0.00124025546492317,-0.0244308874425895,0.0348034633080959
"182","BRNI","D","alpha_acam",-0.554834621937255,-0.536070525974919,-1.10628872292398,-0.0206800881384247
"183","BRNI","D","alpha_amme",0.184992271739417,0.196838428189858,0.0279683919333852,0.34099066946007
"184","BRNI","D","alpha_anar",0.00482789414542707,0.0051857537150951,-0.012202728601598,0.0223492829569676
"185","BRNI","D","alpha_brho",0.0300582379147783,0.0305198611317081,0.0154883536011824,0.0442169928543516
"186","BRNI","D","alpha_brni",0.0592642585689374,0.146697477657052,-10.189229998683,9.41854045189725
"187","BRNI","D","alpha_ceso",-0.00546950117004854,-0.00352146488746882,-0.0515430845400445,0.0420150400265834
"188","BRNI","D","alpha_gitr",0.0185909989278094,0.0187914008749745,0.00994102278649302,0.0262773019990214
"189","BRNI","D","alpha_leni",0.0909442769041447,0.0921795657467705,0.0559965225595823,0.125075534330982
"190","BRNI","D","alpha_lomu",-0.0261052067452707,-0.0244526338264878,-0.0764477814703103,0.0186669889534604
"191","BRNI","D","alpha_mael",0.0584866056572833,0.0632896027510691,-0.0920279921183837,0.187407182398131
"192","BRNI","D","alpha_mica",0.0136490869141143,0.0141014537765025,-0.00310246227518272,0.0302724611101509
"193","BRNI","D","alpha_pler",0.00712005962599413,0.00743915212887437,-0.00680761168402566,0.0214661230200498
"194","BRNI","D","alpha_plno",0.00544094800998459,0.0301165019128693,-7.05873190841105,6.84147874422526
"195","BRNI","D","alpha_taca",0.0365805928076429,0.0374990700348175,0.00413625063978993,0.0694838302390235
"196","BRNI","D","alpha_thir",0.0269500340225709,0.0292862071212977,-0.0509657996557122,0.101124672573144
"197","BRNI","D","alpha_twil",-0.0062670650933054,-0.000880740005487224,-0.0857784807302524,0.0611857339359687
"198","CESO","C","alpha_acam",-0.12614583276095,-0.117941483696646,-0.348361514511792,0.0919999185791123
"199","CESO","C","alpha_amme",-0.00485024671401985,0.00493449807177403,-0.203357171926206,0.182964577367042
"200","CESO","C","alpha_anar",-0.000522465566570388,-6.22312975260327e-07,-0.0142072312304535,0.0121220799821972
"201","CESO","C","alpha_brho",-0.0144477076419402,-0.0138110033459229,-0.0326541986945645,0.00167858800113268
"202","CESO","C","alpha_brni",0.0336673565811408,0.0342745729464052,0.0166741860289744,0.0504618374789547
"203","CESO","C","alpha_ceso",0.0341056563283153,0.0371828583664923,-0.0333160421321172,0.0903342336002458
"204","CESO","C","alpha_gitr",0.00791921164386585,0.0082755931471745,-0.000724844026623418,0.0163274882004263
"205","CESO","C","alpha_leni",0.049999505760653,0.0512811940092577,-0.00227084980354066,0.100326947774493
"206","CESO","C","alpha_lomu",0.011791516616371,0.0129950265801003,-0.018402819538325,0.0439301473041038
"207","CESO","C","alpha_mael",0.0473767196474615,0.0546344774555321,-0.0925792174651121,0.18018310736235
"208","CESO","C","alpha_mica",-0.0115035034053106,-0.0111897608399603,-0.0236970680363825,-0.000870482486717261
"209","CESO","C","alpha_pler",-0.0263723043684011,-0.0255550180575679,-0.0509957777567427,-0.00189787241501202
"210","CESO","C","alpha_plno",0.0548352814145962,0.0632686921567993,-0.0547912510338553,0.158558765267148
"211","CESO","C","alpha_taca",0.106219325004888,0.108640610536344,0.0125716406017865,0.193332460979879
"212","CESO","C","alpha_thir",0.00520902714738899,0.00966722858160765,-0.0696885934179761,0.0757532924227248
"213","CESO","C","alpha_twil",0.0119940454564585,0.0160160898911694,-0.0631294394588235,0.0837628648868849
"214","CESO","C","alpha_weed",-0.0600841059744001,-0.00616433272280123,-0.179904233746905,0.0173939523886382
"215","CESO","D","alpha_acam",-0.104050970729649,-0.0957175834996394,-0.290331403803166,0.0682150109520919
"216","CESO","D","alpha_amme",0.0381400396273183,0.0480134368108165,-0.149691760814744,0.212472128469853
"217","CESO","D","alpha_anar",0.0185634623451637,0.0192880236467756,-0.000181542249575161,0.0384293377230774
"218","CESO","D","alpha_brho",0.000882160606900832,0.00135103428374605,-0.014003948486218,0.0140844975952225
"219","CESO","D","alpha_brni",0.0910038698656111,0.0926160550974521,0.0412246057188176,0.143802817569496
"220","CESO","D","alpha_ceso",0.0447850545945597,0.0466786583614982,0.000596776473063561,0.0871467568014707
"221","CESO","D","alpha_gitr",0.0100438477448827,0.0102964370631734,0.000432606903144543,0.019169293973632
"222","CESO","D","alpha_leni",-0.00920963732634464,-0.00794745097200106,-0.0378025065222462,0.0161258128868786
"223","CESO","D","alpha_lomu",0.0378669336937073,0.0390032809178437,0.00840510026712551,0.0645945421719563
"224","CESO","D","alpha_mael",0.0584723086639674,0.0716031549484369,-0.177200481143492,0.286525187600131
"225","CESO","D","alpha_mica",0.00796467893678198,0.00827728622997822,-0.00245812530050739,0.0191815358427327
"226","CESO","D","alpha_pler",0.0167911123975816,0.0178362810305316,-0.015012791466035,0.0447802323160588
"227","CESO","D","alpha_plno",0.0618375095807481,0.070217116183129,-0.0801717637371485,0.183633360574083
"228","CESO","D","alpha_taca",0.0777692146585059,0.0828182894597517,-0.020089742578869,0.159337940619788
"229","CESO","D","alpha_thir",-0.123529927842449,-0.120820199592626,-0.202640113906762,-0.0515955205546902
"230","CESO","D","alpha_twil",-0.0756164076937783,-0.0727509430007751,-0.148203160391553,-0.00870917456585617
"231","GITR","C","alpha_acam",-0.0107901724630376,0.0103230777599316,-0.448572806484537,0.389380357942447
"232","GITR","C","alpha_amme",0.0501093701431952,0.0676423742191526,-0.424625374088297,0.494947247109674
"233","GITR","C","alpha_anar",-0.0143491900843731,-0.0132974406998579,-0.0466651309861854,0.0198948871763478
"234","GITR","C","alpha_brho",0.0881094794534148,0.0896509407065738,0.0408152442675306,0.13428136210873
"235","GITR","C","alpha_brni",0.140873608362315,0.142379904732898,0.0775502771675526,0.204987656968705
"236","GITR","C","alpha_ceso",0.0417086344224432,0.0468621312295657,-0.0916962116081281,0.164239595388074
"237","GITR","C","alpha_gitr",0.0465217121489442,0.0468122632870502,0.0316951962779268,0.0598624689232416
"238","GITR","C","alpha_leni",0.0196477343637517,0.021152679083614,-0.0176486167304823,0.0531043732980865
"239","GITR","C","alpha_lomu",0.0770073845289635,0.0795921427380485,-0.00847736248537531,0.151752536793533
"240","GITR","C","alpha_mael",0.0848140279243398,0.0911252343928739,-0.182820151707695,0.307105087369358
"241","GITR","C","alpha_mica",0.0335874185338755,0.0340800754737906,0.0121475509412951,0.0538620644599272
"242","GITR","C","alpha_pler",0.0714266917137936,0.0737414608855891,0.0100437600050263,0.125504955379158
"243","GITR","C","alpha_plno",0.079508868392748,0.0887689517915209,-0.222346051435504,0.345368829900018
"244","GITR","C","alpha_taca",0.123127462122528,0.126406021723165,0.00227154571036382,0.222081025599649
"245","GITR","C","alpha_thir",-0.14202482376645,-0.136052685476969,-0.359543581860074,0.0862325579873092
"246","GITR","C","alpha_twil",-0.136316537800208,-0.131838276782021,-0.284744453807842,0.00483403864286881
"247","GITR","C","alpha_weed",0.0168367181975191,0.0226567411696295,-0.0462703729015184,0.0650763941968364
"248","GITR","D","alpha_acam",-0.105517367894413,-0.0942229232520249,-0.408444187174135,0.152995256804931
"249","GITR","D","alpha_amme",-0.289086784872381,-0.281409965406957,-0.537050936816954,-0.0646587647858941
"250","GITR","D","alpha_anar",0.0191185490059713,0.0198092428512361,-0.00459818741161956,0.0403650984553746
"251","GITR","D","alpha_brho",0.050884312012837,0.0515267795941885,0.011703472082247,0.0885789258466947
"252","GITR","D","alpha_brni",0.181858128910054,0.185258076780261,0.103760541585731,0.267379051405375
"253","GITR","D","alpha_ceso",0.0554445712574873,0.0590671465213998,-0.0519292824320364,0.147780354203524
"254","GITR","D","alpha_gitr",0.0345212915483922,0.0347802698182429,0.0241597311510523,0.04347886597557
"255","GITR","D","alpha_leni",0.059512148871515,0.060543505095142,0.0298548316610171,0.0878697127100506
"256","GITR","D","alpha_lomu",0.107740195178952,0.109778314372105,0.0449792285483283,0.168735777591222
"257","GITR","D","alpha_mael",-0.171186105702588,-0.151722164397291,-0.572443560173075,0.193380542065431
"258","GITR","D","alpha_mica",0.0284389198333819,0.0291279886431112,0.00584333137711701,0.0477709031695638
"259","GITR","D","alpha_pler",0.0443778952735474,0.044732782486799,0.010701727855744,0.0783086037711293
"260","GITR","D","alpha_plno",0.265216338524112,0.284825393996336,-0.067113695633542,0.557811616748291
"261","GITR","D","alpha_taca",0.0930262568660871,0.0964005486114116,-0.00941616718368454,0.190503701633192
"262","GITR","D","alpha_thir",-0.0471746729892258,-0.0425414290145173,-0.203160059363147,0.104376042833634
"263","GITR","D","alpha_twil",0.0326289372616417,0.0351608776883366,-0.0429741597566347,0.106478571598669
"264","LENI","C","alpha_acam",-0.145509393773325,-0.140343156276974,-0.282609244366719,-0.0241001115927015
"265","LENI","C","alpha_amme",0.0802997775432423,0.090456297408816,-0.185452193167441,0.335887976503701
"266","LENI","C","alpha_anar",-0.00304471701599153,-0.00270880339963452,-0.0111295361773314,0.00481956180071488
"267","LENI","C","alpha_brho",0.00244989620848867,0.00316776015362461,-0.0185149908119664,0.0205300981146233
"268","LENI","C","alpha_brni",0.0692266558488578,0.0730286462949079,0.00183895125862842,0.126399704196522
"269","LENI","C","alpha_ceso",0.085343268778604,0.0871038051268041,0.036858221935375,0.129520502314892
"270","LENI","C","alpha_gitr",0.0158708509700778,0.0161348054448294,0.00555107927399953,0.0263847061257073
"271","LENI","C","alpha_leni",0.0294040054319707,0.0300468629843964,0.00927159047800263,0.0470957588871573
"272","LENI","C","alpha_lomu",0.0330420257153579,0.034273170553829,-0.000822795333340051,0.0651450571209971
"273","LENI","C","alpha_mael",-0.0374038380711461,-0.0311280703584805,-0.170608876481799,0.08712436854006
"274","LENI","C","alpha_mica",0.00214417195715331,0.00230040149804322,-0.00479349161055533,0.0085208182339327
"275","LENI","C","alpha_pler",0.0199467442457391,0.0209141682544895,0.00263001505988834,0.0352434434796283
"276","LENI","C","alpha_plno",0.0540096299009493,0.0620612501110906,-0.116165814139977,0.205100828070086
"277","LENI","C","alpha_taca",0.0151666747919735,0.0161160448043909,-0.0171981632904151,0.0470327415118338
"278","LENI","C","alpha_thir",0.0252992940341813,0.0276503695324203,-0.043210696488961,0.0912209943744451
"279","LENI","C","alpha_twil",-0.0515253031323721,-0.0499705696840906,-0.144704035289884,0.0349056903015759
"280","LENI","C","alpha_weed",-0.00393211753837594,-0.00347074068131812,-0.0171400574503985,0.00879229188864161
"281","LENI","D","alpha_acam",-0.149485146959086,-0.145190040352726,-0.279703600871643,-0.0297108930475921
"282","LENI","D","alpha_amme",0.185773201727549,0.196941363117688,-0.184465730607765,0.491749368833902
"283","LENI","D","alpha_anar",-0.00308309845281768,-0.00248939703538972,-0.0193220306940855,0.0120127745182082
"284","LENI","D","alpha_brho",0.011795331501331,0.0124230329171418,-0.00938949159061378,0.0329582156438246
"285","LENI","D","alpha_brni",-0.0079418523789884,-0.00633272914709531,-0.0426905162981878,0.0251522898937199
"286","LENI","D","alpha_ceso",0.0326399895454552,0.0341015579725919,-0.0338564554117858,0.0933835841232407
"287","LENI","D","alpha_gitr",0.0110786373278251,0.0114724002806462,-0.00350122825459711,0.0251746071072904
"288","LENI","D","alpha_leni",0.00834263370294934,0.00916822977804239,-0.0117496365662545,0.0267707660944565
"289","LENI","D","alpha_lomu",0.0178966176187361,0.019071196082375,-0.0134490811992583,0.0462311153048573
"290","LENI","D","alpha_mael",0.0325845211260853,0.0382810125326645,-0.193697936220919,0.250115428597086
"291","LENI","D","alpha_mica",0.000445712431411732,0.000712731724161187,-0.00929817192895599,0.0095398321883556
"292","LENI","D","alpha_pler",0.0153242129225103,0.0160937880279049,-0.00578691841803967,0.0351935114500584
"293","LENI","D","alpha_plno",0.100684087920357,0.109609822172286,-0.0536062662849607,0.249608181278548
"294","LENI","D","alpha_taca",-0.0125318620422241,-0.0112368003173762,-0.0501247164033992,0.0210834723595846
"295","LENI","D","alpha_thir",-0.0225555271049726,-0.018902588711889,-0.101189559824185,0.0418201977799272
"296","LENI","D","alpha_twil",-0.0642985995499989,-0.0616285414340871,-0.134183301258852,0.00500004165762206
"297","LOMU","C","alpha_acam",0.0826004688749756,0.0866877055290725,-0.122122175119647,0.265515427704434
"298","LOMU","C","alpha_amme",0.0666375913950764,0.0708915046958216,-0.151602411255022,0.281802620810365
"299","LOMU","C","alpha_anar",-0.00798479173136111,-0.00693704796826886,-0.0382794882961773,0.0213211195068896
"300","LOMU","C","alpha_brho",0.0468325685101676,0.0471086646634005,0.0255296064582171,0.0675046202961796
"301","LOMU","C","alpha_brni",0.0664605053643947,0.0677628878537109,0.0301006872697875,0.097645764331539
"302","LOMU","C","alpha_ceso",0.0881127719820414,0.091177460153881,-0.041206023021706,0.212469236345213
"303","LOMU","C","alpha_gitr",0.0456517394859275,0.0459120007262536,0.0353067085961908,0.0556724563275506
"304","LOMU","C","alpha_leni",0.0580639410608981,0.0589545860394029,0.0095392772090831,0.10573806490321
"305","LOMU","C","alpha_lomu",0.122424926480556,0.123563151299844,0.0732756603457689,0.168544823906529
"306","LOMU","C","alpha_mael",0.0681242096588256,0.0724893966906575,-0.0306603822540511,0.149467459118232
"307","LOMU","C","alpha_mica",0.0210948897422059,0.021653564459515,0.00244985048328709,0.0406649026617473
"308","LOMU","C","alpha_pler",0.100477183184293,0.100908195018376,0.0720409378974795,0.128071639652081
"309","LOMU","C","alpha_plno",0.360208998070923,0.367182330899898,0.0639776575867298,0.629060988790902
"310","LOMU","C","alpha_taca",0.208944083798728,0.211147705462679,0.127722908634121,0.295716495310798
"311","LOMU","C","alpha_thir",-0.0363092396209238,-0.0320840217918444,-0.184357724054793,0.0972420261309684
"312","LOMU","C","alpha_twil",-0.022206861638673,-0.0165467201753545,-0.160543785802215,0.101467868864693
"313","LOMU","C","alpha_weed",-0.0150011171680855,0.00309131627285188,-0.0898099626437972,0.0312270223888262
"314","LOMU","D","alpha_acam",-0.0333124978322901,-0.0289927051395653,-0.224980532390814,0.138522958042853
"315","LOMU","D","alpha_amme",-0.0182279773476083,0.0120085997625566,-6.6935497509816,7.3099761677189
"316","LOMU","D","alpha_anar",0.0459929931933714,0.047325642640786,-0.00223607064502988,0.0878574567611669
"317","LOMU","D","alpha_brho",0.0709290325265985,0.0713822091261411,0.0487221460568028,0.0900780206463906
"318","LOMU","D","alpha_brni",0.104890906683947,0.105647093914008,0.0734937360715542,0.133333457939054
"319","LOMU","D","alpha_ceso",0.143237679123055,0.144717312796476,0.0898417734033003,0.196747742609474
"320","LOMU","D","alpha_gitr",0.0567500663053201,0.0572789640991765,0.0355269189954989,0.0761312472170735
"321","LOMU","D","alpha_leni",0.0819976716011885,0.0828053843033681,0.0504195648886758,0.116103536114734
"322","LOMU","D","alpha_lomu",0.142943488916398,0.143950832679947,0.100176564821652,0.188550471551487
"323","LOMU","D","alpha_mael",0.337433499578358,0.345199581219324,0.0745957976547706,0.610092241651957
"324","LOMU","D","alpha_mica",0.0203465019579798,0.0211876494871355,0.0039453241888357,0.0370503353757976
"325","LOMU","D","alpha_pler",0.0872324101078511,0.0881320144590124,0.0586485996646328,0.116832197439192
"326","LOMU","D","alpha_plno",0.00675657083456439,0.0130559328479989,-0.183584985299306,0.187899502975549
"327","LOMU","D","alpha_taca",0.169796176899967,0.170147798829344,0.11820853976307,0.221437887482739
"328","LOMU","D","alpha_thir",0.0483675138765558,0.0509586206685012,-0.0434589792701051,0.146433139649069
"329","LOMU","D","alpha_twil",0.038334360122367,0.0412520937460516,-0.0304683680112855,0.0988798942295653
"330","MAEL","C","alpha_acam",0.0742507721495058,0.0255398057524021,-13.3971275365403,13.0483458364708
"331","MAEL","C","alpha_amme",0.0282135433485306,-0.00582995601430547,-13.9687376959618,13.7481736075016
"332","MAEL","C","alpha_anar",-0.0260767200854028,-0.0243015412183926,-0.0545833112797284,-0.000347335167312182
"333","MAEL","C","alpha_brho",-0.0420205140811443,-0.0380091663611728,-0.102270279804889,0.0118325494975294
"334","MAEL","C","alpha_brni",0.0223612353417689,0.0250953362772332,-0.0216383760824371,0.0611643015708314
"335","MAEL","C","alpha_ceso",0.0416286880702965,0.0525329511471443,-0.0961580746465127,0.144722398997034
"336","MAEL","C","alpha_gitr",0.0199024305344474,0.0213431966709797,-0.00243246997043629,0.0376640405156468
"337","MAEL","C","alpha_leni",-0.0124922613288392,-0.00953889352157581,-0.0686171648252556,0.0378113136497527
"338","MAEL","C","alpha_lomu",-0.124711548287423,-0.21206738421738,-9.92661311765466,9.3636852378294
"339","MAEL","C","alpha_mael",0.0484968588613548,0.0649757397907457,-0.188237242920431,0.252674666196248
"340","MAEL","C","alpha_mica",0.000227302639981993,0.00188791079278496,-0.0192081886877401,0.0161571072990097
"341","MAEL","C","alpha_pler",-0.0191677884126486,-0.0146454375514766,-0.0810867145924714,0.0353301898571914
"342","MAEL","C","alpha_plno",0.106470746513009,0.274416883257619,-14.3991986993806,12.8598607803705
"343","MAEL","C","alpha_taca",0.0298718831472243,0.0387486787247473,-0.145948907691688,0.186735296354533
"344","MAEL","C","alpha_thir",-0.116257821022384,-0.0857678505273726,-0.530571153235659,0.214539587288488
"345","MAEL","C","alpha_twil",-0.220303594227182,-0.208081066508538,-0.446618818992933,-0.0200984501619339
"346","MAEL","C","alpha_weed",-0.0233424069738103,-0.0175597976556959,-0.13025209067715,0.0538183326113763
"347","MAEL","D","alpha_acam",-0.0400668332688268,0.113711246247217,-9.40497582722866,9.32988344346972
"348","MAEL","D","alpha_amme",0.0830506204788212,0.100210021599822,-10.2444033492214,9.5662249940879
"349","MAEL","D","alpha_anar",-0.00749659531380116,-0.00397333805224638,-0.0806148338296832,0.0584737932689523
"350","MAEL","D","alpha_brho",0.0433175296753372,0.0464656611481113,-0.00237726756212243,0.0801513881121224
"351","MAEL","D","alpha_brni",0.0892984255456869,0.0886390837487949,0.0236537248809396,0.163025789976139
"352","MAEL","D","alpha_ceso",0.0592551860648671,0.0717614451895739,-0.161782943748905,0.253380412437741
"353","MAEL","D","alpha_gitr",0.00592863861265612,0.00712793020894602,-0.0137365585546084,0.0232107284586299
"354","MAEL","D","alpha_leni",-0.00711122982018768,-0.00453706916081619,-0.0767105262847694,0.0608530258271715
"355","MAEL","D","alpha_lomu",0.0142113155890642,0.0204199438775274,-0.075693250754358,0.0836153854924382
"356","MAEL","D","alpha_mael",0.058297509323779,0.0706720695227165,-0.21135346786695,0.317315025079298
"357","MAEL","D","alpha_mica",-0.00736141731499309,-0.00346677799650695,-0.0817671376966501,0.05842143436566
"358","MAEL","D","alpha_pler",-0.0554725419299014,-0.010902471446644,-7.08674711984476,6.63886302911792
"359","MAEL","D","alpha_plno",0.0418128462195311,0.0454932260762873,-9.49410612988463,9.35137967540543
"360","MAEL","D","alpha_taca",-0.043283652098997,-0.0351496671492744,-0.207431365627088,0.0929333954199032
"361","MAEL","D","alpha_thir",-0.0317608463145931,-0.0208200133980686,-0.183314472480692,0.106330939739095
"362","MAEL","D","alpha_twil",-0.20713872371521,-0.200386322925725,-7.11940404951019,6.29775692965191
"363","MICA","C","alpha_acam",-0.192703601118835,-0.188410391655134,-0.475158327964907,0.0778565265131422
"364","MICA","C","alpha_amme",0.462254279115793,0.477177183274331,0.0312680358496426,0.85015727305473
"365","MICA","C","alpha_anar",0.0223616860648148,0.0229625834169957,-0.010946726639148,0.0523248137341761
"366","MICA","C","alpha_brho",0.0554216469330376,0.0562665854163107,0.0150186352079046,0.0945896719204604
"367","MICA","C","alpha_brni",0.142320531985702,0.143247556627833,0.0964358096336179,0.190216829550126
"368","MICA","C","alpha_ceso",0.0905390569853273,0.0939296639689721,-0.00669240813838148,0.189156606969821
"369","MICA","C","alpha_gitr",0.0613113386989137,0.0622288036609344,0.0318104143102027,0.0879923184218726
"370","MICA","C","alpha_leni",0.0981862478497339,0.101956303924772,0.0136829339646544,0.182574765004099
"371","MICA","C","alpha_lomu",0.155478457245711,0.157313613600081,0.0881234292281202,0.218216786334838
"372","MICA","C","alpha_mael",0.096824781775584,0.106329008559957,-0.154161987939751,0.372655408317691
"373","MICA","C","alpha_mica",0.0266111280417471,0.0269716148651911,0.0105768795122548,0.0422276437063942
"374","MICA","C","alpha_pler",0.0927045100408284,0.0933254397193134,0.0502417602467301,0.134912261886235
"375","MICA","C","alpha_plno",-0.386769275567847,-0.376917277679583,-0.693219358810759,-0.099693893040564
"376","MICA","C","alpha_taca",0.175051974094462,0.177645634619171,0.0908562459320781,0.245839442356688
"377","MICA","C","alpha_thir",-0.00977936847362376,-0.0058737296452159,-0.114172217952331,0.102154742694322
"378","MICA","C","alpha_twil",0.027247006439049,0.0307781919366723,-0.106239609110605,0.146786143270971
"379","MICA","C","alpha_weed",0.0318260602340146,0.00303099546176178,-0.0310855685208286,0.108881026167773
"380","MICA","D","alpha_acam",-0.256441726925149,-0.246378829225485,-0.556702451644833,0.0405341881686963
"381","MICA","D","alpha_amme",0.0161137744895119,0.0306690327027432,-0.311048954544486,0.333103446169023
"382","MICA","D","alpha_anar",0.0223196229213,0.0231929762026052,-0.00475929175203815,0.0502773160871756
"383","MICA","D","alpha_brho",0.13565392670917,0.136762871960796,0.0762555461665353,0.19561447266803
"384","MICA","D","alpha_brni",0.169480275844736,0.172370475243335,0.0944766142214034,0.241872961117008
"385","MICA","D","alpha_ceso",0.0930943359625539,0.0978775448761917,-0.0499637773962878,0.216226344632106
"386","MICA","D","alpha_gitr",0.0777380989166956,0.0781412497410439,0.0509776963177828,0.102562907646523
"387","MICA","D","alpha_leni",0.106945466172442,0.108441263154447,0.059658884388697,0.157006246738416
"388","MICA","D","alpha_lomu",0.215320372303291,0.218916249032639,0.130333477903815,0.291781029520894
"389","MICA","D","alpha_mael",0.281896981340302,0.29468921001102,-0.0716446672443198,0.583036763066526
"390","MICA","D","alpha_mica",0.029618786587575,0.0301097708771586,0.0093602181107748,0.0477284431213177
"391","MICA","D","alpha_pler",0.0960420783629803,0.0967844964874072,0.052770682672925,0.140198976259438
"392","MICA","D","alpha_plno",0.00449837030858459,0.0113993331413016,-0.17061624851402,0.158392640182941
"393","MICA","D","alpha_taca",0.167958917234646,0.169516622771562,0.0920571685545792,0.245175582764738
"394","MICA","D","alpha_thir",0.045647516458662,0.0513941595870821,-0.102183525667771,0.193671705908931
"395","MICA","D","alpha_twil",-0.110232410239369,-0.106661140809997,-0.225191838926402,-0.00428729212220247
"396","PLER","C","alpha_acam",0.020298427877554,0.0316244754065478,-0.277624526086628,0.327302632444404
"397","PLER","C","alpha_amme",0.217987494154794,0.239744112633647,-0.123962444052905,0.493329700682506
"398","PLER","C","alpha_anar",0.00533215163188065,0.00602304319367699,-0.0164318118696947,0.0243958651766855
"399","PLER","C","alpha_brho",0.0893850762959588,0.0906789803881741,0.042901066904323,0.130754755745248
"400","PLER","C","alpha_brni",0.104360900507446,0.105338403344434,0.0622178989795781,0.143455382102642
"401","PLER","C","alpha_ceso",0.149051250643578,0.150620320886068,0.0802819888777018,0.220081083618418
"402","PLER","C","alpha_gitr",0.0308271949157729,0.0313339682120981,0.0113062346134802,0.049171897965249
"403","PLER","C","alpha_leni",0.090155212687694,0.0915470990463545,0.0468025995765563,0.129784756298133
"404","PLER","C","alpha_lomu",0.13253781815898,0.1336408537853,0.0695432736020425,0.187938137486325
"405","PLER","C","alpha_mael",0.294969807340285,0.308469273881202,-0.0397501675050498,0.61877816398332
"406","PLER","C","alpha_mica",0.0269727198439972,0.0274403121236378,0.013923247977442,0.038683249326045
"407","PLER","C","alpha_pler",0.0707577368376491,0.0711812282427501,0.0392033104747884,0.0998837007521679
"408","PLER","C","alpha_plno",-0.0639093158024785,-0.0551063268891201,-0.363658748636923,0.215857934143134
"409","PLER","C","alpha_taca",0.192519052573451,0.195208222025797,0.0812359961733926,0.289707006713219
"410","PLER","C","alpha_thir",-0.0298643063778169,-0.0257553478092159,-0.175042569949547,0.0963339167680134
"411","PLER","C","alpha_twil",0.0962839550772135,0.0994203059574871,-0.0109287561066626,0.182361118730613
"412","PLER","C","alpha_weed",0.0126915311715743,-0.00221674386216797,-0.0197913557486191,0.0728072402339261
"413","PLER","D","alpha_acam",-0.163915111012172,-0.155461266279007,-0.401522001917441,0.0594985372614711
"414","PLER","D","alpha_amme",0.198821543452165,0.215814644048886,-0.243114116872298,0.5953304722045
"415","PLER","D","alpha_anar",-0.0118320290321082,-0.0112987457217573,-0.0374710554125602,0.0109326513131806
"416","PLER","D","alpha_brho",0.030747974239444,0.0315585395068884,-0.0131620149929406,0.069930107124754
"417","PLER","D","alpha_brni",0.0606191988184129,0.0616131829635418,0.0162014010996991,0.107548883108973
"418","PLER","D","alpha_ceso",0.100341469713126,0.102657801124819,0.0136637005852099,0.179723682640008
"419","PLER","D","alpha_gitr",0.045341424281833,0.0458058714907185,0.0305890499472363,0.0604103919570694
"420","PLER","D","alpha_leni",0.113300733691826,0.114237972633762,0.0456858493767808,0.172229022066795
"421","PLER","D","alpha_lomu",0.0453464392960737,0.0482042612707363,-0.026028499143859,0.111906705430195
"422","PLER","D","alpha_mael",-0.0681172350532395,-0.0572928807997435,-0.448441155075508,0.279765181845301
"423","PLER","D","alpha_mica",0.0298136757139175,0.0304930902603713,0.00410922585251917,0.0522086419400177
"424","PLER","D","alpha_pler",0.0198719402454608,0.0207892918349789,-0.0108429993856153,0.0506829773538874
"425","PLER","D","alpha_plno",-0.0968789569495014,-0.0827888908438147,-0.45417514309657,0.180999129275055
"426","PLER","D","alpha_taca",0.00476409590626024,0.00747337854714072,-0.082627652649217,0.0933328532820498
"427","PLER","D","alpha_thir",-0.0261941279587944,-0.0226903411829981,-0.111614938064202,0.0480530847746607
"428","PLER","D","alpha_twil",0.0130198700470194,0.0156374745859902,-0.0828479693355976,0.111390944807879
"429","PLNO","C","alpha_acam",-0.155506989550922,-0.145230546823872,-0.374848606367503,0.0479637667628286
"430","PLNO","C","alpha_amme",-0.162431445226609,-0.348141316043774,-13.1450811302362,14.1375487801949
"431","PLNO","C","alpha_anar",0.216505160549329,0.221135591338451,-14.0411379566557,12.8752556283443
"432","PLNO","C","alpha_brho",0.0523328392410633,0.0982306933980749,-9.32532140704696,9.31975327294098
"433","PLNO","C","alpha_brni",0.0816400735542095,0.0828182377967354,0.0412041405505268,0.119994947870027
"434","PLNO","C","alpha_ceso",-0.247888058747999,-0.300826789013335,-14.589677230884,13.3969103850012
"435","PLNO","C","alpha_gitr",0.00516148592868014,0.00529110422953881,-0.00239905676844629,0.011683667246475
"436","PLNO","C","alpha_leni",0.00300376983315885,0.00437359979918495,-0.0290763095448394,0.0327939748982509
"437","PLNO","C","alpha_lomu",0.0245799842248938,0.026237936970505,-0.0134649473838112,0.062703190840514
"438","PLNO","C","alpha_mael",-0.0801378927355222,-0.104144134482719,-10.5857268065883,9.16950814212855
"439","PLNO","C","alpha_mica",0.00392721539975358,0.00409748840112782,-0.00335630591126094,0.0120736259457017
"440","PLNO","C","alpha_pler",-0.0812477165160986,-0.132267404919985,-9.55681857282593,9.8719852129884
"441","PLNO","C","alpha_plno",0.00673921041385006,0.0093046358613238,-0.0834751251971224,0.0871080817747258
"442","PLNO","C","alpha_taca",0.0658488810455123,0.059505381366339,-9.38666842611253,9.7175339340382
"443","PLNO","C","alpha_thir",-0.00682058302421259,-0.000466406850146595,-0.146324686498891,0.119709204149692
"444","PLNO","C","alpha_twil",-0.0549241731346728,-0.0506395836058177,-0.153456721661977,0.0377387197481668
"445","PLNO","C","alpha_weed",0.035756417046427,0.00938581910755302,-0.0449679767738916,0.139974264219924
"446","PLNO","D","alpha_acam",-0.00937036817979481,-0.00214210255394923,-0.220094649140902,0.182378749811862
"447","PLNO","D","alpha_amme",-0.0177418567308716,-0.0642096548182646,-9.80267559348944,9.41236405814779
"448","PLNO","D","alpha_anar",0.123394128284634,0.0471372262226326,-9.59300063102567,9.75215985025068
"449","PLNO","D","alpha_brho",0.00345480205734786,0.00399215841153838,-0.0121640058247986,0.0172503113588366
"450","PLNO","D","alpha_brni",-0.0145744667925313,0.00222632318160796,-6.9172453005864,6.65397526820896
"451","PLNO","D","alpha_ceso",-0.167168758326499,-0.152344981021573,-10.2123270426925,9.82842134568936
"452","PLNO","D","alpha_gitr",-0.000507932539266937,-0.000142017677032179,-0.00936395125668332,0.00821619829822336
"453","PLNO","D","alpha_leni",0.0224943215154316,-0.0112752975881059,-7.03618748926565,7.23536508397551
"454","PLNO","D","alpha_lomu",-0.0261771610847858,0.0234191144213913,-6.91085006843313,6.88591433765074
"455","PLNO","D","alpha_mael",-0.0539216086824471,-0.0433602663206283,-0.232777751967646,0.11388280678362
"456","PLNO","D","alpha_mica",-0.00199991263204997,-0.00166964772348714,-0.00844179153599532,0.00402250057454902
"457","PLNO","D","alpha_pler",-0.00795725963306083,-0.00736288451347758,-0.0314700418340437,0.0159130373309098
"458","PLNO","D","alpha_plno",-0.284582783390295,-0.280025862050962,-0.48277524997092,-0.0768011045813559
"459","PLNO","D","alpha_taca",-0.00809898471552604,-0.00645717521193473,-0.0771171284079971,0.0572193454373636
"460","PLNO","D","alpha_thir",0.0536318537506496,0.0563909399758707,-0.0257660347659775,0.131823719158625
"461","PLNO","D","alpha_twil",-0.138536688383345,-0.133695185109838,-0.26283696323547,-0.0185674659495215
"462","TACA","C","alpha_acam",-0.000340115498365024,0.00362708400777462,-0.196142455191081,0.182281263123806
"463","TACA","C","alpha_amme",0.0277664108753114,0.0338212173422606,-0.209115299383813,0.271665541673158
"464","TACA","C","alpha_anar",0.0148266043421045,0.0157504035719626,-0.0103242289415441,0.0393375130119887
"465","TACA","C","alpha_brho",0.0811006396965569,0.081506071851563,0.0558528693454568,0.106393210182814
"466","TACA","C","alpha_brni",0.0811740282965583,0.0823250686592271,0.0445780408897803,0.114659334357488
"467","TACA","C","alpha_ceso",0.235924082129909,0.236964646128381,0.132511204738706,0.321845726934777
"468","TACA","C","alpha_gitr",0.0347551251883277,0.0349884512341909,0.0217070396274546,0.0478023970546396
"469","TACA","C","alpha_leni",0.0977555114200834,0.0985664590253154,0.0550377663204336,0.13552873162193
"470","TACA","C","alpha_lomu",0.15996654314497,0.161033366161653,0.11041920468715,0.20968836540753
"471","TACA","C","alpha_mael",0.176921441850772,0.182835930566242,-0.0506357446553619,0.386994305694024
"472","TACA","C","alpha_mica",0.00627122965997379,0.00663870537012582,-0.00625023185488416,0.0180741330582713
"473","TACA","C","alpha_pler",0.0438760775415011,0.0441131000180011,0.0144026925240951,0.0749673928790176
"474","TACA","C","alpha_plno",0.196038183699219,0.203285155116174,0.0116312407425898,0.358148137920498
"475","TACA","C","alpha_taca",0.133450643675434,0.134598368861411,0.0819503022384235,0.185622439160935
"476","TACA","C","alpha_thir",0.174023347726923,0.180933369271962,-0.000875215842588525,0.332819517615876
"477","TACA","C","alpha_twil",-0.0339579655417043,-0.0318607147120938,-0.128661085462282,0.0588671191675647
"478","TACA","C","alpha_weed",0.0315630734752036,0.0182223473940922,-0.0112049000609316,0.113976575520027
"479","TACA","D","alpha_acam",-0.000237681948085338,0.00972321296018609,-0.304916450931063,0.300750302390157
"480","TACA","D","alpha_amme",0.0511298524241607,0.0596713654455836,-0.252299739419051,0.362056478397301
"481","TACA","D","alpha_anar",0.0544342891582611,0.0547103043247563,0.0314039918202883,0.0766381108353207
"482","TACA","D","alpha_brho",0.0378708102017409,0.0382193918337667,0.023747194343317,0.051071507564862
"483","TACA","D","alpha_brni",0.0776117787269382,0.0781605250622793,0.0486027084026944,0.108926384378537
"484","TACA","D","alpha_ceso",0.142219640282479,0.144318721085478,0.071313353732829,0.206917321673025
"485","TACA","D","alpha_gitr",0.0540462724658669,0.0542801762398742,0.0432446494791992,0.0648434000712036
"486","TACA","D","alpha_leni",0.0176840251139634,0.0187444164332307,-0.0268305309992471,0.0608890866550991
"487","TACA","D","alpha_lomu",0.183604968468953,0.184785994379431,0.123381688126968,0.241378025173077
"488","TACA","D","alpha_mael",0.289382387565003,0.294275747522841,0.0848013457375444,0.493256350443013
"489","TACA","D","alpha_mica",0.0300928785317579,0.0303868234165274,0.0101038917425996,0.0482918624683232
"490","TACA","D","alpha_pler",0.022427279658559,0.0226127594467655,0.00509179178205599,0.0391401983343615
"491","TACA","D","alpha_plno",0.0814743761390704,0.0912062976862973,-0.156772562140059,0.294021585805813
"492","TACA","D","alpha_taca",0.115395914706104,0.11682595015625,0.0641013389337858,0.165837927076389
"493","TACA","D","alpha_thir",0.12081182457104,0.123542742227406,0.0217306561684305,0.213600427720271
"494","TACA","D","alpha_twil",-0.0289845927764663,-0.0267430831265604,-0.123927642401327,0.0623846547783887
"495","THIR","C","alpha_acam",-0.0199541045611873,-0.0165337657746764,-0.0875261893574596,0.0451239963633362
"496","THIR","C","alpha_amme",-0.128679039945081,-0.123924507999328,-0.257125491521739,-0.011578281019467
"497","THIR","C","alpha_anar",0.0042971499913742,0.00448720040098284,-0.0049456585650858,0.0135133453870809
"498","THIR","C","alpha_brho",0.0119548577264187,0.0121232791039656,0.00181001778242991,0.0230314428646438
"499","THIR","C","alpha_brni",0.00894246891941751,0.00925778588171361,-0.00455806534179481,0.0211731052203745
"500","THIR","C","alpha_ceso",-0.00830232572594522,-0.00712753023213546,-0.0384285697688029,0.0214925391031608
"501","THIR","C","alpha_gitr",0.00503628347846063,0.00541820027161796,-0.0039077029754196,0.0130885816683595
"502","THIR","C","alpha_leni",-0.0254898556339988,-0.0248702867019437,-0.0505487329622791,-0.00255530875103561
"503","THIR","C","alpha_lomu",0.0464802019791975,0.0474282204789256,0.00996633802580947,0.0796878914480004
"504","THIR","C","alpha_mael",-0.0316884156845286,-0.0287180664028959,-0.122202090498321,0.0591748200394161
"505","THIR","C","alpha_mica",-0.00231569442987095,-0.00201431425538048,-0.011940055839331,0.00637651942183788
"506","THIR","C","alpha_pler",-0.00474153576752709,-0.00414329513663001,-0.0220721034731038,0.0103889530962488
"507","THIR","C","alpha_plno",-0.0379166612399749,-0.0355415734642392,-0.096558548701702,0.0183561619579602
"508","THIR","C","alpha_taca",-0.0022946238223921,-0.00155459113307031,-0.0387530719919751,0.0350782159435408
"509","THIR","C","alpha_thir",0.0124494288678312,0.013983249390873,-0.0440527106288412,0.0673970595612211
"510","THIR","C","alpha_twil",-0.051113368794055,-0.0498949017527973,-0.09351900081971,-0.00818764449041059
"511","THIR","C","alpha_weed",-0.000919899743281771,-0.0133116571577931,-0.0378677446883957,0.0489804211185088
"512","THIR","D","alpha_acam",-0.0729411516389834,-0.0704255826259828,-0.204350689782753,0.0487216824843171
"513","THIR","D","alpha_amme",-0.0453468422149744,-0.0397416283567772,-0.164297699386032,0.0627140746603005
"514","THIR","D","alpha_anar",0.00456009510565407,0.00476451306465389,-0.00889137025584531,0.0164797411608551
"515","THIR","D","alpha_brho",0.00260012739779947,0.0028327501452378,-0.0105363139720239,0.0152948000432364
"516","THIR","D","alpha_brni",0.0111458643101842,0.0114866643634631,-0.00341114679776228,0.0247285727923844
"517","THIR","D","alpha_ceso",-0.0162505311722623,-0.0158441563158849,-0.0396173178892366,0.0057400561471683
"518","THIR","D","alpha_gitr",0.00634192604770874,0.0064476070984123,0.000687012392763703,0.0114334285523654
"519","THIR","D","alpha_leni",0.0154479024218952,0.0158279488612705,-0.00576040467481879,0.0348679196580716
"520","THIR","D","alpha_lomu",0.0253569896123146,0.0264006315509906,-0.0233623208593084,0.0730509575811724
"521","THIR","D","alpha_mael",-0.263768783192579,-0.258520534869323,-0.446211136141119,-0.0896058883066653
"522","THIR","D","alpha_mica",0.0085809333270772,0.00877622949464549,-0.00209074186520699,0.0190656897983349
"523","THIR","D","alpha_pler",0.0113089141358042,0.0116425002556691,5.83679677277566e-05,0.0226744205217597
"524","THIR","D","alpha_plno",-0.0103189655211413,-0.00701986923934737,-0.146779828090064,0.11812009778155
"525","THIR","D","alpha_taca",-0.00327873136354791,-0.00247000045366211,-0.0293564779436273,0.0208399255508699
"526","THIR","D","alpha_thir",0.00554147302128183,0.00603276048005748,-0.0311691887774568,0.0425860477366997
"527","THIR","D","alpha_twil",-0.0365444047860582,-0.0350081236292491,-0.0915523070255397,0.0123052536081233
"528","TWIL","C","alpha_acam",0.0493166870857535,0.0239341422032561,-9.79710144106878,9.77823557858078
"529","TWIL","C","alpha_amme",-0.0137572319608592,-0.00854190874688677,-0.250897404841233,0.232187022996158
"530","TWIL","C","alpha_anar",-0.0179046282313529,-0.0172151272971814,-0.0443363322066568,0.00598623991751806
"531","TWIL","C","alpha_brho",0.112296901855626,0.21391819458643,-9.40762601070358,10.2809706053544
"532","TWIL","C","alpha_brni",-0.0144078157495676,-0.0140117500472727,-0.0432419513137135,0.0120923620939135
"533","TWIL","C","alpha_ceso",0.0136714529056713,0.0144510571808529,-0.0174536021169756,0.0422624293540244
"534","TWIL","C","alpha_gitr",-0.00764183797519483,-0.0191717391315824,-10.0948783826067,9.23531449062255
"535","TWIL","C","alpha_leni",0.142499872558647,0.196226069227681,-9.40382399789373,9.23685726379532
"536","TWIL","C","alpha_lomu",0.058797339811493,0.0588428806627991,0.0126823477711243,0.102351024860061
"537","TWIL","C","alpha_mael",0.121978294559475,0.137912599395897,-10.0441856406204,9.40338143879238
"538","TWIL","C","alpha_mica",0.0122563268387699,0.0124145021035054,0.000381560358547972,0.0230058763373355
"539","TWIL","C","alpha_pler",0.142106646339574,0.249212586868591,-13.5514055491754,14.175588730596
"540","TWIL","C","alpha_plno",-0.0615573366100005,0.0671575711327965,-13.526035428202,13.8899382045134
"541","TWIL","C","alpha_taca",0.030532659018958,0.032112107065834,-0.0446797789873092,0.100387927165853
"542","TWIL","C","alpha_thir",-0.0167617578572936,-0.0150332362426312,-0.0934412916521661,0.0662791020797975
"543","TWIL","C","alpha_twil",-0.0296763070266991,-0.0293139654358489,-0.0691235777158695,0.0071190559036409
"544","TWIL","C","alpha_weed",0.0115679020709799,0.00889699940374429,-0.0167445483344346,0.0438385232584462
"545","TWIL","D","alpha_acam",0.0558183094651863,0.0590830882157658,-0.168145586106487,0.27775849579583
"546","TWIL","D","alpha_amme",0.0943398486950709,0.0967729787367803,-0.0347558929770066,0.206621772735749
"547","TWIL","D","alpha_anar",0.00685988448918996,0.00720170282131288,-0.00608173342194165,0.0202247921010516
"548","TWIL","D","alpha_brho",0.0325910333676562,0.0330606529762109,0.0131550723134453,0.0536090183025348
"549","TWIL","D","alpha_brni",0.0202245414003251,0.0208083817393569,-0.0231499210865125,0.0679174518934366
"550","TWIL","D","alpha_ceso",0.0259254680648543,0.0461539161953181,-6.82874241459979,6.93766720971272
"551","TWIL","D","alpha_gitr",0.0394476322818089,0.0395893743739761,0.0156269288361197,0.0634560038526417
"552","TWIL","D","alpha_leni",0.0175451023241953,0.0178536127235869,-0.00433862487543851,0.0398703471663473
"553","TWIL","D","alpha_lomu",0.0259165159843136,0.0269166174523294,-0.00858136024091717,0.0604004977892514
"554","TWIL","D","alpha_mael",0.0707974635544536,0.0735475405698606,-0.0725016631600682,0.208001736257189
"555","TWIL","D","alpha_mica",-0.130467772461431,-0.0883209910418725,-7.18996035480973,6.89594060071559
"556","TWIL","D","alpha_pler",0.100422849168876,0.14904930191642,-10.3172506831156,9.75223953451388
"557","TWIL","D","alpha_plno",-0.207736684432585,-0.178566082010733,-9.70294868030182,9.70300479603317
"558","TWIL","D","alpha_taca",0.0905508080212435,0.0911372290126794,0.0355526097604996,0.143664965935611
"559","TWIL","D","alpha_thir",0.0331812157446703,0.0346622934441912,-0.0102083115870113,0.0737336917154294
"560","TWIL","D","alpha_twil",-0.000720733661331017,5.49398494832587e-05,-0.0299024092967939,0.0282263995044842
